{"log_stds": [1.638859748840332, 2.3288121223449707, 2.667933940887451, 2.049078941345215], "observation_length": 16, "action_length": 4, "policy_type": "MARL"}